{
  "crs": "EPSG:3857",
  "bounds4326": [
    -76.20701537414645,
    4.061115447267966,
    -76.19705661330963,
    4.067673752489288
  ],
  "bounds3857": {
    "left": -8483326.146325154,
    "bottom": 452460.31884074886,
    "right": -8482217.542139865,
    "top": 453192.2267718639
  },
  "width": 46440,
  "height": 30660,
  "count": 1,
  "dtype": "uint8",
  "nodata": null,
  "zooms": [
    16,
    21
  ]
}